[
    {
        "id": 1,
        "nombre": "Juan Pérez",
        "correo": "juan.perez@unab.edu",
        "carrera": "Ingeniería",
        "rol": "estudiante",
        "contraseña": "1234",  
        "historialCursos": [
            {
                "nombre": "Matemáticas",
                "codigo": "MAT101",
                "creditos": 3,
                "semestre": "1er semestre"
            },
            {
                "nombre": "Programación",
                "codigo": "PRG202",
                "creditos": 4,
                "semestre": "2do semestre"
            }
        ],
        "calificaciones_por_mes": {
            "Enero": {
                "MAT101": 8.5
            },
            "Febrero": {
                "MAT101": 7.5
            },
            "Marzo": {
                "MAT101": 8.0
            },
            "Abril": {
                "MAT101": 7.8
            },
            "Mayo": {
                "MAT101": 8.0
            },
            "Junio": {
                "MAT101": 8.5
            },
            "Julio": {
                "PRG202": 8.8
            },
            "Agosto": {
                "PRG202": 8.4
            },
            "Septiembre": {
                "PRG202": 8.6
            },
            "Octubre": {
                "PRG202": 8.3
            },
            "Noviembre": {
                "PRG202": 8.0
            },
            "Diciembre": {
                "PRG202": 8.7
            }
        }
    },
    {
        "id": 2,
        "nombre": "Ana Gómez",
        "correo": "ana.gomez@unab.edu",
        "carrera": "Administración",
        "rol": "estudiante",
        "contraseña":"123456abc",
        "historialCursos": [
            {
                "nombre": "Contabilidad",
                "codigo": "CON101",
                "creditos": 4,
                "semestre": "1er semestre"
            },
            {
                "nombre": "Economía",
                "codigo": "ECO202",
                "creditos": 3,
                "semestre": "2do semestre"
            }
        ],
        "calificaciones_por_mes": {
            "Enero": {
                "CON101": 7.0
                
            },
            "Febrero": {
                "CON101": 6.5
            },
            "Marzo": {
                "CON101": 7.2
            },
            "Abril": {
                "CON101": 6.8
            },
            "Mayo": {
                "CON101": 7.0
            },
            "Junio": {
                "CON101": 7.3
            },
            "Julio": {
                "ECO202": 8.5
            },
            "Agosto": {
                "ECO202": 7.0
            },
            "Septiembre": {
                "ECO202": 7.8
            },
            "Octubre": {
                "ECO202": 7.1
            },
            "Noviembre": {
                "ECO202": 7.5
            },
            "Diciembre": {
                "ECO202": 7.6
            }
        }
    }
]

